"id","athlete","smokes","live_on_campus","race","sex","grade_class","political","height","iq","hs_gpa","weight_1","weight_2","age","ACT_Reading","ACT_Science","ACT_Mathematics","ACT_English","SWLS_time1_1","SWLS_time1_2","SWLS_time1_3","SWLS_time1_4","SWLS_time1_5","SWLS_time2_1","SWLS_time2_2","SWLS_time2_3","SWLS_time2_4","SWLS_time2_5","exam_1","exam_2","exam_3"
"001",0,FALSE,0,"Black","Male",3,"Democrat",74,96,2.77859748234566,151,138,1,16,12,13,14,3,3,4,3,3,1,2,2,2,2,51,45,50
"002",1,FALSE,0,"White","Female",1,"Democrat",67,114,3.43181151853583,184,186,5,18,26,24,25,1,1,1,2,2,5,4,4,4,4,21,17,20
"003",0,FALSE,0,"Black","Male",2,"Democrat",72,106,3.0312980034993,163,169,4,17,13,8,10,2,3,3,3,3,3,3,3,3,3,16,24,13
"004",0,FALSE,0,"White","Female",2,"Democrat",69,102,3.00248534698836,187,196,3,16,17,12,20,3,3,3,3,3,5,4,4,4,4,34,35,32
"005",1,FALSE,0,"Hispanic","Female",3,"Democrat",65,97,3.32188849651161,171,186,3,29,31,33,29,2,3,3,3,2,3,3,2,2,2,37,43,56
"006",1,FALSE,0,"White","Male",3,"Democrat",66,113,3.84044164410554,166,166,5,18,15,14,18,1,1,1,2,2,4,4,4,4,4,70,71,78
"007",1,FALSE,1,"White","Intersex",4,"Democrat",61,102,3.44358880393728,156,168,3,23,22,22,20,3,3,3,3,3,5,4,4,3,3,81,65,68
"008",1,FALSE,0,"White","Female",2,"Democrat",72,121,2.94247454836215,182,178,3,15,14,16,16,5,4,4,4,4,3,3,3,3,4,48,35,46
"009",1,FALSE,0,"White","Female",1,"Republican",80,105,3.24915034560974,185,187,3,25,25,28,24,5,4,4,4,4,2,3,2,2,2,35,44,46
"010",0,FALSE,0,"White","Female",2,"Republican",75,97,3.62570469479814,157,163,0,27,24,26,28,5,5,5,5,5,3,3,2,3,2,20,32,44
"011",1,FALSE,0,"White","Intersex",3,"Democrat",72,110,3.24205176196368,151,157,5,28,18,24,25,3,3,4,3,4,2,3,3,3,3,8,6,7
"012",1,FALSE,0,"Hispanic","Female",3,"Democrat",70,107,3.05041537611019,146,148,5,21,16,21,19,1,2,2,2,2,3,3,3,3,3,66,48,57
"013",0,FALSE,0,"White","Female",3,"Democrat",70,109,2.92445802338676,184,186,2,21,23,23,25,3,3,3,3,3,2,2,2,3,2,76,70,80
"014",1,FALSE,0,"White","Female",1,"Republican",66,106,3.41114134209918,167,170,1,22,13,10,10,2,3,2,3,2,5,4,4,3,4,52,32,51
"015",0,FALSE,0,"Hispanic","Female",1,"Democrat",74,93,2.65087287501758,166,176,2,27,21,16,10,3,3,4,4,4,2,2,2,2,2,68,70,74
"016",0,TRUE,0,"White","Intersex",4,"Democrat",65,110,3.4669456625179,151,159,2,15,22,21,22,2,2,2,3,2,5,5,4,4,4,83,65,70
"017",1,TRUE,1,"Asian","Male",1,"Democrat",75,101,2.87780100879696,167,168,1,12,12,12,16,4,3,3,3,3,5,4,4,4,4,51,37,24
"018",0,FALSE,1,"White","Male",2,"Democrat",66,107,3.09525622761941,182,183,3,23,30,32,28,5,5,5,4,4,3,3,3,3,3,45,36,46
"019",0,FALSE,1,"Asian","Intersex",2,"Republican",68,112,2.67886483341062,156,167,3,21,21,25,23,5,4,4,4,4,4,3,4,3,4,36,34,46
"020",1,TRUE,1,"White","Male",1,"Democrat",71,110,2.64853556376188,166,166,3,17,14,13,17,4,4,4,4,4,2,2,2,2,2,50,55,60
"021",0,FALSE,0,"White","Male",3,"Republican",70,108,3.02377553816485,144,144,1,16,19,24,25,3,3,2,3,2,2,2,2,2,2,42,49,56
"022",0,FALSE,1,"White","Female",3,"Republican",68,103,2.9537227806267,159,162,2,14,12,10,16,5,4,4,4,4,3,3,4,4,4,66,61,61
"023",1,FALSE,0,"White","Male",4,"Democrat",76,122,3.50526242231327,150,156,3,24,19,19,23,3,3,3,3,3,2,2,2,3,3,23,32,37
"024",1,FALSE,0,"White","Male",4,"Republican",76,114,3.01269376322958,128,131,2,9,11,18,15,3,3,3,3,3,2,2,2,2,2,32,29,40
"025",1,FALSE,1,"White","Intersex",2,"Republican",68,111,2.70343641540356,171,174,3,16,12,13,13,1,2,2,2,2,1,2,2,2,2,42,37,34
"026",0,FALSE,1,"White","Female",2,"Republican",71,102,2.81073348765974,176,185,7,24,12,17,20,1,2,2,2,2,4,4,4,4,4,16,21,19
"027",0,FALSE,0,"White","Male",3,"Democrat",68,93,3.09686053633516,172,167,2,31,20,30,28,5,4,4,4,4,3,3,4,3,4,36,40,47
"028",1,FALSE,0,"White","Intersex",4,"Democrat",66,106,3.48410946899278,169,180,2,13,6,10,12,2,2,2,2,2,1,2,2,2,2,55,57,63
"029",0,FALSE,1,"White","Intersex",3,"Republican",65,108,3.17083507909013,179,186,2,22,20,24,16,4,3,3,3,3,4,4,4,3,4,84,83,92
"030",1,FALSE,1,"White","Male",1,"Democrat",68,117,3.09377065840181,172,169,1,27,15,31,23,4,3,3,3,3,3,3,4,4,4,54,67,58
"031",0,TRUE,0,"Hispanic","Female",1,"Republican",70,102,3.04172228437172,169,176,5,19,18,32,30,3,3,3,3,3,4,3,4,4,4,54,47,42
"032",0,FALSE,0,"White","Intersex",2,"Democrat",64,108,3.14925262177455,160,164,6,19,18,20,17,4,4,4,4,4,5,5,5,5,5,54,53,54
"033",1,FALSE,1,"Hispanic","Intersex",4,"Democrat",64,99,3.14133795720395,168,171,4,20,32,34,26,5,4,4,4,4,1,2,2,2,2,43,43,47
"034",1,FALSE,0,"White","Intersex",1,"Democrat",71,121,3.09345820582821,177,178,4,16,16,20,18,5,5,4,4,4,4,4,4,4,4,65,46,32
"035",1,FALSE,1,"Black","Female",3,"Democrat",66,107,3.30951157107503,155,172,2,14,12,9,11,1,1,2,2,2,2,3,3,3,3,49,39,45
"036",1,FALSE,1,"White","Female",3,"Republican",69,108,2.93847040569524,160,174,2,14,21,14,13,3,3,3,3,3,2,2,2,3,2,53,64,57
"037",0,FALSE,1,"White","Intersex",3,"Republican",68,109,2.85317920340317,205,213,4,26,23,27,21,2,3,2,2,2,4,3,4,4,4,63,56,51
"038",0,FALSE,0,"White","Intersex",3,"Republican",62,105,3.35617605514615,163,164,4,15,16,16,13,1,2,2,3,2,5,4,4,3,3,90,69,72
"039",0,FALSE,0,"White","Intersex",2,"Democrat",69,106,3.28706149680433,165,177,2,13,12,18,21,3,3,4,3,4,2,2,2,2,2,47,51,59
"040",0,FALSE,0,"Native","Male",2,"Democrat",71,99,3.17746803583515,163,168,3,27,25,22,16,1,2,2,2,2,2,3,2,3,2,51,43,41
"041",0,FALSE,1,"White","Female",4,"Republican",69,99,2.71802570044288,168,178,3,25,13,19,20,4,3,3,3,3,5,4,4,4,4,56,71,62
"042",1,FALSE,0,"Black","Male",4,"Republican",62,110,3.43393830171541,170,179,3,23,21,26,29,3,3,2,3,3,4,3,4,4,4,74,68,69
"043",0,FALSE,1,"Asian","Male",4,"Republican",80,96,3.10807832953854,159,163,6,25,25,27,21,4,3,3,3,2,1,2,2,2,2,81,80,81
"044",0,FALSE,0,"White","Male",3,"Republican",71,105,3.63006342216949,180,180,5,9,15,19,13,3,3,3,3,3,3,3,3,3,4,54,51,44
"045",1,FALSE,0,"Black","Male",3,"Democrat",71,109,3.22220386234767,161,161,1,30,21,22,18,5,5,4,4,4,5,4,4,4,4,71,65,58
"046",1,FALSE,1,"Hispanic","Male",1,"Republican",74,104,2.91242418596631,175,187,3,28,26,25,28,4,3,4,4,4,4,4,4,3,4,63,64,60
"047",0,FALSE,1,"White","Female",2,"Democrat",75,100,2.83386558371951,178,190,1,25,22,25,20,3,3,3,3,4,3,3,3,3,3,65,60,75
"048",0,FALSE,1,"Asian","Male",4,"Republican",70,107,3.06089149655862,196,185,1,17,18,24,25,1,1,2,2,2,3,3,2,2,2,46,61,69
"049",1,FALSE,1,"Black","Intersex",3,"Democrat",70,113,3.38513899816956,164,169,3,12,11,14,20,1,1,2,2,2,2,2,2,3,3,41,41,36
"050",0,FALSE,1,"White","Intersex",1,"Republican",67,98,3.30544662647587,188,194,1,12,17,18,18,3,3,2,2,2,1,1,1,2,2,26,28,37
"051",1,FALSE,0,"White","Intersex",3,"Republican",67,94,2.99620128796525,165,183,3,18,17,25,27,5,5,4,4,4,1,2,2,2,2,90,80,86
"052",1,TRUE,0,"White","Male",4,"Democrat",69,112,3.39804772124842,161,165,2,14,18,23,24,3,3,3,3,3,3,3,2,3,3,76,80,98
"053",0,TRUE,1,"Asian","Male",3,"Democrat",69,76,3.18710385727899,182,194,3,23,25,22,23,3,3,3,3,3,3,3,2,2,2,53,57,60
"054",1,FALSE,1,"White","Female",3,"Democrat",72,117,3.10739894831876,151,150,1,20,21,26,21,1,2,2,2,2,5,4,4,3,3,56,48,46
"055",0,FALSE,0,"White","Male",1,"Democrat",71,119,3.34679979997728,172,179,1,23,28,29,32,3,3,3,3,3,5,4,4,4,4,56,51,47
"056",0,FALSE,0,"Hispanic","Male",4,"Republican",66,114,3.54571952421168,164,170,2,25,22,13,12,3,3,3,3,2,2,2,2,3,2,53,57,57
"057",0,TRUE,0,"White","Female",4,"Republican",72,94,2.86195675992901,148,156,3,20,17,17,21,4,3,3,3,4,5,5,4,4,4,81,77,82
"058",0,FALSE,1,"White","Female",3,"Democrat",66,102,3.23927768065248,179,184,4,15,17,21,22,3,3,3,3,3,3,3,3,3,3,46,42,57
"059",0,FALSE,0,"White","Male",2,"Republican",69,102,2.89697179548249,157,161,5,13,7,13,15,3,3,3,3,4,2,3,2,3,3,59,48,68
"060",1,FALSE,0,"Asian","Male",3,"Republican",67,103,3.05580282185399,178,185,3,19,8,11,14,1,1,2,2,2,3,3,4,3,4,67,59,60
"061",1,TRUE,0,"White","Intersex",4,"Democrat",73,115,3.09355432109922,187,191,3,23,19,18,13,2,2,2,2,2,4,3,3,3,3,27,30,28
"062",1,FALSE,0,"White","Intersex",2,"Democrat",75,97,3.21003028204574,173,183,5,18,7,14,14,5,4,4,4,4,2,3,2,2,2,34,50,53
"063",0,FALSE,1,"White","Female",4,"Democrat",73,113,2.6090023409697,153,155,3,27,25,21,21,2,2,2,2,2,1,1,1,1,1,70,75,81
"064",1,FALSE,1,"White","Male",4,"Republican",73,111,2.93592403374739,156,166,5,9,15,26,20,3,3,4,3,3,4,4,4,4,4,67,56,63
"065",0,FALSE,1,"Hispanic","Intersex",1,"Democrat",78,112,2.59732459617662,197,201,2,3,8,17,19,1,2,2,3,3,4,3,4,4,4,74,90,87
"066",0,FALSE,1,"Black","Intersex",1,"Democrat",76,104,3.21082646125897,180,181,1,16,12,13,12,3,3,3,3,3,4,4,4,4,4,9,8,16
"067",1,FALSE,0,"White","Intersex",1,"Republican",74,120,2.83777645818809,189,198,6,14,17,16,25,2,2,2,2,2,4,3,3,3,3,64,73,73
"068",1,FALSE,0,"Black","Intersex",1,"Republican",71,102,3.36221198545431,160,166,4,22,18,18,23,1,2,2,2,2,5,4,4,4,4,75,73,66
"069",1,FALSE,1,"Hispanic","Female",1,"Democrat",72,114,2.74034825759156,186,191,5,15,22,35,33,5,4,4,3,4,4,3,4,3,3,59,59,59
"070",0,TRUE,0,"Hispanic","Female",4,"Democrat",68,107,3.25061985467093,167,172,6,27,24,21,25,1,2,2,3,2,1,1,2,2,2,37,29,27
"071",1,FALSE,1,"White","Female",3,"Democrat",71,98,3.27472330317108,154,155,4,18,26,28,21,5,4,4,4,4,5,4,4,4,4,31,24,38
"072",1,FALSE,0,"Hispanic","Female",4,"Democrat",60,92,2.89125698680628,179,180,2,28,31,27,30,1,2,2,3,2,2,3,2,2,2,66,68,68
"073",1,FALSE,1,"White","Intersex",4,"Democrat",71,104,3.72959570058079,155,159,2,20,25,22,24,1,1,2,2,2,1,1,1,1,1,50,48,48
"074",1,FALSE,1,"White","Female",4,"Democrat",70,95,3.29685164091691,165,170,3,28,22,17,18,5,4,4,4,4,5,5,4,4,4,33,42,53
"075",1,FALSE,0,"White","Male",2,"Democrat",75,110,2.79894088792054,168,175,3,23,24,33,27,1,1,2,2,2,2,2,2,2,2,44,43,53
"076",1,FALSE,0,"White","Intersex",2,"Democrat",72,101,3.50216998728847,147,151,5,22,15,16,22,4,3,4,3,3,1,1,1,1,1,67,46,46
"077",0,FALSE,1,"Hispanic","Intersex",3,"Democrat",66,105,2.80133719884423,149,154,2,24,21,21,22,3,3,3,3,2,2,3,2,3,3,46,39,44
"078",1,FALSE,1,"Black","Male",2,"Democrat",66,106,3.24155400646116,165,167,3,15,14,11,6,5,5,4,4,4,3,3,4,4,4,31,47,53
"079",1,FALSE,1,"White","Female",4,"Democrat",66,115,3.45680807407101,170,177,7,24,23,29,31,1,2,2,2,2,1,2,2,3,3,25,22,33
"080",0,FALSE,0,"White","Male",1,"Republican",72,121,3.42952041096869,167,171,2,19,30,27,27,2,3,3,3,3,4,4,4,3,3,49,48,46
"081",0,FALSE,0,"Native","Female",1,"Republican",65,95,3.12972133154452,166,171,4,24,24,27,27,2,3,3,3,4,4,4,4,4,4,57,52,49
"082",1,TRUE,1,"Hispanic","Intersex",4,"Republican",65,115,3.04406521545595,182,195,5,18,18,21,19,2,2,2,2,2,4,3,4,4,4,34,39,43
"083",0,FALSE,0,"White","Intersex",1,"Democrat",68,108,3.14045827701807,181,187,2,18,19,22,24,3,3,4,4,4,5,4,4,3,4,68,53,48
"084",1,FALSE,1,"Hispanic","Intersex",2,"Democrat",68,107,2.85805014640138,182,184,3,20,26,27,26,3,3,3,3,4,5,4,4,3,3,53,43,50
"085",1,TRUE,0,"Hispanic","Male",4,"Republican",71,108,3.02155243164886,144,143,4,15,13,10,8,4,3,4,3,3,3,3,4,4,4,85,81,83
"086",1,FALSE,0,"White","Intersex",3,"Republican",69,105,2.94400748929677,173,169,0,13,16,27,33,5,4,4,4,4,4,4,4,4,4,17,19,22
"087",1,FALSE,0,"White","Male",2,"Democrat",72,90,2.59827420707024,153,161,1,30,25,27,23,4,3,4,3,3,4,4,4,3,4,43,41,34
"088",0,TRUE,1,"Bi-Racial","Intersex",3,"Democrat",71,85,3.38812012575989,169,174,1,16,17,10,11,5,4,4,4,4,3,3,4,3,3,56,70,75
"089",1,FALSE,0,"Hispanic","Female",3,"Democrat",71,103,3.22522480047422,171,180,3,13,5,4,10,5,4,4,4,4,5,5,4,4,4,60,62,59
"090",1,FALSE,1,"White","Female",1,"Democrat",72,118,3.31621107855241,179,188,0,23,27,30,30,1,1,2,2,2,2,3,3,3,3,68,60,70
"091",1,FALSE,1,"Hispanic","Male",4,"Democrat",66,107,3.0074715234818,183,184,3,20,26,22,26,1,2,2,2,2,4,4,4,4,4,78,66,76
"092",0,FALSE,1,"Hispanic","Female",2,"Democrat",71,99,2.55866776817912,181,192,3,5,3,14,11,4,4,4,4,4,3,3,2,3,3,52,42,41
"093",0,FALSE,0,"Hispanic","Female",3,"Democrat",64,99,2.74506252209905,170,176,1,30,21,32,29,4,3,3,3,2,1,1,2,2,2,56,54,50
"094",0,FALSE,1,"White","Intersex",2,"Republican",68,103,3.52246700750899,175,177,7,14,19,21,24,3,3,2,2,2,2,3,3,3,2,0,0,16
"095",1,FALSE,1,"White","Male",4,"Republican",64,98,3.61068312448853,166,170,7,18,13,15,19,1,1,2,2,2,5,5,5,4,4,50,52,57
"096",1,FALSE,1,"White","Female",4,"Democrat",67,101,3.10029096725906,162,159,6,31,36,30,25,3,3,3,3,3,3,3,3,3,3,58,58,70
"097",1,FALSE,1,"White","Intersex",1,"Republican",69,115,3.04603368115801,155,162,1,29,26,28,33,5,5,4,4,4,4,4,4,4,4,36,25,25
"098",1,TRUE,0,"White","Intersex",2,"Democrat",70,82,3.20996752397866,170,175,1,18,11,11,9,3,3,3,3,2,2,3,3,3,3,76,72,64
"099",0,FALSE,1,"White","Female",2,"Republican",63,95,2.87054979425214,164,166,1,16,16,19,23,5,5,4,4,4,3,3,3,3,3,65,62,62
"100",1,FALSE,0,"White","Male",1,"Democrat",71,88,3.38432676770153,157,159,4,14,14,17,24,3,3,3,3,3,3,3,3,3,4,59,71,80
"101",1,FALSE,0,"White","Female",4,"Democrat",66,119,3.09894989017683,164,159,3,16,2,8,11,3,3,3,3,3,1,1,1,1,2,52,48,67
"102",0,FALSE,0,"White","Intersex",4,"Republican",71,92,3.70373262498529,184,186,3,16,20,18,15,5,5,4,4,4,4,4,4,4,4,88,87,86
"103",0,FALSE,1,"White","Female",1,"Republican",71,112,2.59018847160155,192,199,3,15,20,21,21,4,4,4,4,4,2,2,2,2,2,74,61,65
"104",1,FALSE,1,"White","Male",4,"Democrat",71,104,3.09731739727787,168,165,3,17,17,21,19,5,4,4,4,4,2,3,2,3,3,33,47,47
"105",1,TRUE,0,"White","Intersex",2,"Democrat",68,113,3.37338568256464,184,201,2,23,26,27,26,3,3,3,3,2,2,3,3,3,3,85,58,53
"106",0,FALSE,1,"White","Intersex",2,"Democrat",70,103,2.87831165249761,171,177,1,14,21,13,12,2,2,2,2,2,5,5,5,5,4,97,100,95
"107",1,FALSE,0,"Black","Male",4,"Democrat",72,106,2.89234742780107,156,166,7,25,19,27,19,1,1,1,1,2,2,3,2,3,2,42,56,63
"108",0,FALSE,1,"Black","Female",2,"Democrat",63,103,2.83356441842277,139,144,2,22,28,21,20,3,3,4,4,4,3,3,3,3,3,71,69,64
"109",0,FALSE,1,"White","Female",4,"Democrat",65,105,2.67176183051496,171,164,2,14,8,11,13,3,3,3,3,4,5,5,5,4,4,49,45,44
"110",1,FALSE,1,"Bi-Racial","Male",2,"Democrat",68,105,2.91459061817901,204,207,2,20,20,17,18,5,4,4,3,4,4,3,3,3,4,55,54,48
"111",0,TRUE,1,"White","Intersex",1,"Democrat",72,93,3.32336403370401,160,158,3,17,9,11,9,1,1,1,1,1,1,2,2,2,2,76,71,70
"112",0,FALSE,1,"White","Intersex",3,"Democrat",69,116,2.98740464812064,173,179,2,24,25,30,32,3,3,3,3,2,4,4,4,4,4,70,64,75
"113",1,TRUE,0,"White","Female",4,"Democrat",65,88,3.10851822624165,169,172,3,23,25,31,28,3,3,3,3,2,5,5,5,5,4,55,56,64
"114",0,FALSE,0,"White","Female",4,"Democrat",71,101,3.31364701448556,182,195,2,30,19,19,18,2,3,3,3,2,4,4,4,4,4,35,24,26
"115",1,FALSE,0,"White","Male",4,"Democrat",75,103,3.14893443501602,176,182,6,36,25,26,23,1,1,1,2,2,5,5,5,5,5,81,72,65
"116",0,FALSE,1,"Hispanic","Female",4,"Republican",71,88,2.9736835326475,194,197,1,19,20,21,17,3,3,3,3,3,1,2,2,2,2,72,60,58
"117",1,FALSE,1,"White","Intersex",1,"Republican",68,115,2.94472548521692,168,170,7,17,16,8,13,5,5,5,4,4,5,4,4,3,4,57,58,64
"118",0,FALSE,0,"White","Female",4,"Democrat",70,122,3.16789190880583,171,173,2,11,15,16,22,1,1,1,2,2,5,4,4,4,4,32,28,34
"119",0,TRUE,1,"Hispanic","Female",2,"Democrat",69,95,3.14127222169571,137,136,3,19,24,21,19,1,1,1,1,1,1,1,2,2,2,51,58,56
"120",0,FALSE,1,"White","Male",4,"Democrat",69,102,3.29419524178408,165,169,9,7,13,19,17,5,5,4,4,4,4,4,4,4,4,77,68,86
"121",1,FALSE,1,"White","Male",4,"Republican",79,96,2.8447333973838,180,174,1,24,31,30,27,2,2,2,2,2,4,4,4,4,4,57,47,53
"122",1,FALSE,0,"White","Female",1,"Democrat",71,95,2.95353437513648,179,191,0,29,33,24,27,5,4,4,4,4,5,4,4,3,4,26,34,32
"123",0,FALSE,1,"White","Female",1,"Democrat",70,86,2.73891536364657,186,189,5,21,13,18,21,5,4,4,4,4,2,2,2,2,2,53,53,56
"124",0,FALSE,0,"Black","Intersex",3,"Democrat",63,110,3.0696331366695,155,160,3,13,12,15,17,5,5,5,5,5,2,2,2,2,2,72,74,66
"125",1,FALSE,1,"White","Female",1,"Democrat",71,98,3.00165153099082,137,151,4,24,26,24,25,3,3,3,3,3,3,3,3,3,3,72,85,88
"126",1,FALSE,1,"Hispanic","Female",2,"Republican",72,98,3.26485711481724,168,169,2,22,20,25,26,3,3,3,3,2,4,3,3,3,3,69,73,84
"127",0,FALSE,1,"White","Male",1,"Democrat",69,100,3.02522780450732,158,163,2,28,27,24,21,1,1,2,2,2,5,4,4,4,4,34,33,44
"128",0,FALSE,1,"Bi-Racial","Male",1,"Republican",64,101,2.95965684274061,171,177,3,20,18,21,27,5,4,4,4,4,3,3,2,3,3,36,40,41
"129",1,FALSE,1,"Hispanic","Intersex",2,"Republican",68,100,3.35292551693505,159,168,1,22,18,18,24,3,3,4,4,4,1,1,2,2,2,52,47,56
"130",1,FALSE,1,"Black","Intersex",2,"Republican",67,96,3.19164809355321,172,177,4,1,8,11,12,3,3,3,3,2,4,3,4,4,4,84,79,71
"131",1,TRUE,0,"White","Intersex",1,"Republican",74,77,3.14939769618659,161,163,9,15,8,11,18,3,3,3,3,3,1,2,2,2,2,60,51,60
"132",0,FALSE,1,"Hispanic","Female",3,"Republican",64,95,2.98106997150708,198,205,2,14,18,31,31,4,3,4,3,3,2,3,2,3,2,70,60,58
"133",1,FALSE,0,"Hispanic","Intersex",3,"Democrat",75,116,3.00653730049532,165,175,1,4,2,1,1,3,3,3,3,3,4,4,4,3,3,60,58,60
"134",0,FALSE,0,"White","Male",2,"Republican",75,105,3.21109233123967,172,176,0,13,16,20,17,3,3,3,3,4,3,3,4,4,4,69,75,85
"135",1,TRUE,0,"Hispanic","Female",1,"Libertarian",74,101,3.10237051515832,180,181,1,18,16,16,19,3,3,3,3,4,1,2,2,2,2,33,29,37
"136",0,TRUE,1,"White","Female",4,"Democrat",74,116,3.19141035227937,183,188,1,25,18,22,23,5,5,5,5,5,1,1,2,2,2,48,44,47
"137",0,FALSE,0,"White","Intersex",2,"Republican",69,94,3.13692416803231,156,162,5,23,17,19,13,2,2,2,2,2,3,3,3,3,3,36,40,45
"138",0,FALSE,0,"White","Female",4,"Republican",69,106,3.15204620926596,167,170,2,13,6,11,16,1,1,1,1,1,5,4,4,4,4,74,72,83
"139",0,FALSE,1,"White","Intersex",3,"Republican",73,117,2.87100868898938,148,149,1,13,8,19,15,1,1,1,2,2,1,1,2,2,2,42,42,47
"140",1,FALSE,0,"White","Intersex",3,"Republican",74,108,3.27244340576713,149,154,1,26,20,27,22,4,4,4,4,4,2,2,2,2,2,52,54,59
"141",1,TRUE,0,"Hawaiian","Male",3,"Democrat",70,112,3.65776663579284,180,185,5,18,12,18,21,3,3,4,3,3,5,5,4,4,4,57,48,56
"142",0,FALSE,0,"White","Male",2,"Republican",65,97,3.18943163519128,175,188,2,19,22,22,18,5,4,4,4,4,4,4,4,4,4,43,42,57
"143",0,FALSE,1,"Black","Male",2,"Democrat",68,110,2.9224248411806,136,145,0,30,28,32,31,2,2,2,2,2,3,3,3,3,3,46,42,39
"144",1,FALSE,1,"White","Female",4,"Republican",73,97,3.16746361770463,174,178,1,14,12,8,11,5,5,5,5,5,5,5,4,4,4,61,59,66
"145",1,FALSE,1,"White","Intersex",2,"Republican",71,122,3.48490178313309,164,166,3,17,16,22,21,4,4,4,4,4,4,4,4,4,4,45,37,42
"146",0,FALSE,0,"Hispanic","Female",3,"Republican",63,111,2.53909623176554,180,188,4,16,19,20,16,3,3,3,3,2,4,3,3,3,4,47,53,56
"147",0,FALSE,1,"White","Male",1,"Republican",69,91,3.47099865139196,163,166,1,18,13,10,11,2,2,2,2,2,3,3,4,4,4,60,53,57
"148",0,FALSE,1,"Black","Male",1,"Republican",65,97,3.33459783887328,182,191,3,23,19,24,21,3,3,4,4,4,1,1,1,2,2,45,46,51
"149",0,FALSE,1,"White","Male",3,"Democrat",65,90,3.36665537247066,166,177,1,25,15,21,25,2,3,3,3,3,1,2,2,3,3,35,38,36
"150",0,FALSE,0,"White","Male",3,"Democrat",69,107,3.03816340351782,189,199,4,18,19,21,28,2,3,3,3,3,5,5,4,4,4,23,24,34
"151",1,TRUE,0,"White","Intersex",4,"Republican",65,101,2.85713329065725,167,175,5,15,12,11,15,3,3,4,3,4,2,3,3,3,2,45,43,52
"152",0,FALSE,1,"White","Male",3,"Democrat",71,100,3.42361081768264,179,186,2,24,24,28,24,4,3,3,3,2,2,3,3,3,2,88,75,70
"153",0,FALSE,0,"White","Female",1,"Republican",72,98,3.26204678379269,175,174,6,26,29,27,25,1,2,2,2,2,5,5,4,4,4,27,21,19
"154",1,FALSE,0,"White","Male",2,"Democrat",68,89,2.97446401581811,157,167,4,20,17,21,20,3,3,3,3,3,1,2,2,2,2,31,31,29
"155",0,FALSE,0,"White","Intersex",3,"Republican",69,89,3.34840959616573,157,166,2,13,8,9,13,2,2,2,2,2,3,3,4,3,4,56,58,63
"156",1,FALSE,1,"White","Male",3,"Republican",78,103,2.99493152269909,171,180,3,25,22,26,21,2,3,3,3,3,3,3,3,3,3,58,52,49
"157",1,FALSE,0,"White","Female",3,"Democrat",64,113,2.92121596138853,166,166,8,18,10,18,26,3,3,2,2,2,4,4,4,4,4,53,46,44
"158",0,FALSE,1,"White","Male",3,"Democrat",71,114,3.61520613104735,148,151,3,10,7,18,21,5,4,4,4,4,2,3,2,2,2,54,54,67
"159",1,FALSE,0,"White","Male",3,"Republican",69,106,3.17745842745924,176,180,7,7,9,10,7,1,2,2,2,2,2,2,2,2,2,82,69,72
"160",0,FALSE,1,"Hispanic","Male",4,"Democrat",73,103,2.40260247332513,186,191,1,22,20,27,30,2,2,2,2,2,4,3,4,3,3,34,35,37
"161",0,FALSE,0,"Black","Intersex",4,"Democrat",66,107,3.50336886345314,155,161,4,20,20,23,23,5,4,4,3,4,4,3,3,3,3,4,2,0
"162",0,TRUE,1,"Black","Female",2,"Republican",69,92,2.30174052019305,164,173,3,25,27,32,36,1,2,2,3,3,3,3,2,3,2,64,75,64
"163",0,FALSE,1,"White","Male",2,"Democrat",69,94,2.40429008773366,180,182,5,29,19,20,21,2,2,2,3,2,5,4,4,4,4,56,61,59
"164",0,TRUE,1,"White","Intersex",3,"Republican",69,112,2.95409391796376,119,132,6,26,24,25,29,4,3,4,4,4,3,3,2,2,2,66,70,64
"165",1,TRUE,0,"Black","Male",2,"Republican",73,94,3.49660016611365,174,175,2,19,21,18,27,2,3,2,3,2,3,3,3,3,4,67,67,74
"166",0,FALSE,1,"White","Female",3,"Republican",69,109,3.13514049282707,162,167,3,14,14,25,22,4,3,4,3,3,3,3,3,3,3,100,80,73
"167",1,FALSE,1,"White","Male",2,"Democrat",71,88,2.92812144828303,155,157,2,23,21,24,25,2,2,2,3,2,3,3,2,2,2,46,42,45
"168",1,FALSE,1,"Hispanic","Female",1,"Democrat",67,116,3.00867141813726,166,162,4,25,21,26,22,1,2,2,2,2,5,5,5,5,5,49,57,51
"169",1,FALSE,0,"White","Intersex",3,"Democrat",68,97,2.33981299692661,141,147,2,11,10,19,16,4,3,3,3,4,5,5,4,4,4,38,36,43
"170",0,FALSE,1,"White","Intersex",2,"Democrat",72,103,3.11060322491204,173,183,4,28,24,22,24,5,4,4,4,4,4,4,4,4,4,50,44,52
"171",0,FALSE,1,"White","Female",2,"Democrat",70,110,3.31140351249661,183,194,5,19,23,30,28,1,1,1,2,2,3,3,3,3,2,56,53,45
"172",1,FALSE,1,"White","Intersex",3,"Democrat",69,92,2.95940317695417,179,179,3,22,24,28,27,2,3,2,2,2,5,5,5,5,4,47,57,63
"173",1,FALSE,1,"White","Male",3,"Republican",68,97,2.96750766504269,184,186,2,9,18,24,19,2,3,2,2,2,5,4,4,4,4,59,56,50
"174",1,FALSE,1,"White","Male",3,"Democrat",69,109,2.82607310954947,165,175,1,16,21,22,26,1,1,1,2,2,5,5,5,5,4,54,61,58
"175",1,FALSE,1,"White","Female",1,"Democrat",67,119,3.1401851504236,151,159,2,17,15,18,18,1,1,2,2,2,2,3,2,3,2,53,59,76
"176",1,FALSE,0,"Black","Female",1,"Democrat",72,91,2.88367908065575,190,194,5,12,22,23,26,4,3,3,3,3,2,2,2,2,2,55,56,63
"177",1,TRUE,0,"White","Intersex",4,"Republican",72,105,3.38358072851555,171,179,3,23,22,22,25,4,4,4,4,4,5,5,4,4,4,62,60,70
"178",1,FALSE,1,"White","Male",1,"Democrat",68,89,3.41684677401354,177,188,3,17,24,26,28,5,4,4,4,4,1,2,2,3,3,9,20,28
"179",0,FALSE,1,"Hispanic","Intersex",2,"Democrat",73,116,2.62946600661283,172,184,5,29,24,26,27,1,1,1,1,2,4,4,4,4,4,48,36,39
"180",1,FALSE,1,"White","Male",2,"Republican",71,111,3.13871163523648,195,204,3,22,22,22,18,3,3,3,3,3,2,2,2,3,3,74,58,63
"181",1,FALSE,0,"White","Intersex",1,"Republican",67,99,2.46783979301681,185,187,2,26,27,31,29,2,2,2,2,2,5,4,4,4,4,42,38,47
"182",1,FALSE,0,"White","Intersex",2,"Democrat",71,101,2.9157310976561,146,160,6,18,21,30,31,2,3,2,2,2,1,1,1,2,2,83,85,100
"183",0,FALSE,1,"White","Male",3,"Democrat",78,88,3.19698634833628,158,160,3,13,16,22,23,5,4,4,4,4,3,3,2,2,2,53,45,53
"184",1,FALSE,1,"Black","Intersex",3,"Republican",74,106,2.54919041250774,209,216,7,16,9,12,12,1,2,2,3,3,3,3,3,3,3,83,70,75
"185",1,FALSE,0,"Hispanic","Intersex",2,"Green",74,115,3.26155734977211,156,160,5,15,14,18,20,5,4,4,4,4,1,2,2,2,2,80,66,65
"186",1,FALSE,1,"Black","Intersex",1,"Democrat",69,103,2.87344765497344,183,184,3,20,12,12,16,3,3,3,3,2,1,1,1,2,2,15,19,34
"187",1,FALSE,1,"Black","Female",2,"Democrat",62,107,3.25121463056717,149,150,2,19,22,21,18,5,5,5,4,4,3,3,3,3,2,58,63,70
"188",0,FALSE,1,"White","Intersex",1,"Democrat",67,105,2.57679555410953,165,173,2,21,15,19,21,3,3,4,3,3,1,1,2,2,2,33,34,36
"189",0,FALSE,1,"White","Intersex",4,"Democrat",68,89,2.9551311621738,166,165,2,19,14,16,20,1,1,2,2,2,4,3,3,3,4,61,60,78
"190",0,FALSE,0,"Hispanic","Female",3,"Republican",69,107,2.59500070619373,185,186,3,11,19,25,24,2,3,3,3,3,3,3,3,3,3,40,37,44
"191",1,FALSE,0,"White","Male",2,"Republican",75,103,3.40239078038179,180,173,2,29,18,27,31,2,2,2,3,2,3,3,3,3,3,50,46,57
"192",0,FALSE,0,"White","Male",4,"Democrat",68,97,2.75777913358269,161,167,6,13,12,11,16,5,4,4,4,4,3,3,3,3,4,76,58,75
"193",0,FALSE,1,"Black","Female",4,"Democrat",69,97,3.3670941759103,179,179,3,16,21,18,18,3,3,3,3,2,5,5,4,4,4,77,64,70
"194",1,FALSE,0,"White","Male",3,"Republican",66,102,3.18362183690975,161,170,3,24,14,11,17,5,4,4,3,4,4,3,4,3,3,29,36,40
"195",0,FALSE,0,"Hispanic","Female",4,"Democrat",69,103,2.29807985139353,161,171,2,16,8,13,12,5,4,4,4,4,5,5,4,4,4,59,50,59
"196",0,FALSE,1,"Black","Male",2,"Democrat",66,106,2.95324804270859,183,183,6,24,20,22,20,3,3,2,3,3,3,3,3,3,4,42,39,42
"197",0,TRUE,1,"White","Intersex",3,"Democrat",66,117,2.8105896122003,157,161,3,21,11,15,12,5,4,4,4,4,5,5,5,4,4,33,38,38
"198",0,FALSE,0,"White","Intersex",4,"Constitution",67,105,3.05472402506163,147,160,4,11,12,20,21,3,3,3,3,2,3,3,4,3,3,48,47,59
"199",0,FALSE,0,"White","Female",3,"Democrat",71,105,2.99827626417454,192,206,3,22,14,19,20,1,2,2,2,2,4,3,4,3,3,68,78,78
"200",0,FALSE,0,"White","Male",3,"Green",72,111,3.07829054256396,168,167,2,16,21,15,17,1,2,2,2,2,3,3,3,3,4,35,41,45
"201",1,FALSE,1,"Black","Male",3,"Democrat",76,107,3.69460601993326,169,180,2,9,1,13,18,4,4,4,4,4,2,2,2,3,2,52,53,57
"202",0,FALSE,0,"White","Male",1,"Democrat",72,110,3.27435530989183,202,198,5,3,4,15,10,1,2,2,2,2,3,3,3,3,2,57,57,68
"203",0,FALSE,0,"Hispanic","Male",1,"Democrat",66,85,2.95852758106502,165,166,2,18,21,21,28,2,3,2,2,2,3,3,4,3,3,58,58,57
"204",0,FALSE,0,"Black","Male",2,"Democrat",67,115,2.75487597066138,172,175,1,4,1,8,12,4,4,4,4,4,3,3,2,3,3,74,60,68
"205",1,FALSE,0,"White","Intersex",4,"Democrat",70,100,3.43095697578115,165,172,2,11,9,8,17,2,2,2,2,2,3,3,3,3,3,92,74,78
"206",0,FALSE,0,"White","Female",3,"Democrat",66,108,3.24584251956731,189,196,2,13,10,14,21,3,3,2,3,2,2,2,2,3,3,34,39,48
"207",0,FALSE,1,"Black","Intersex",4,"Republican",68,119,3.10014841895359,139,138,3,5,7,11,15,5,4,4,4,4,5,4,4,4,4,20,26,33
"208",1,FALSE,1,"Black","Male",1,"Republican",65,118,3.12219720592933,158,165,4,18,16,26,25,4,4,4,4,4,4,4,4,4,4,86,62,70
"209",1,FALSE,1,"White","Intersex",3,"Democrat",69,104,3.56512552215179,162,160,4,16,13,12,14,2,3,3,3,4,1,1,1,1,1,47,50,48
"210",1,TRUE,1,"White","Female",2,"Republican",74,84,2.64255720774169,160,173,3,20,20,18,19,5,5,4,4,4,3,3,4,4,4,27,30,26
"211",0,FALSE,0,"Hispanic","Male",3,"Democrat",76,99,3.25289251234445,197,191,4,20,17,14,18,4,3,3,3,3,1,1,2,2,2,16,16,15
"212",0,TRUE,0,"White","Female",3,"Republican",76,96,3.03818344764611,174,179,3,19,30,31,32,4,4,4,4,4,4,4,4,4,4,52,54,44
"213",0,FALSE,0,"White","Male",2,"Democrat",68,87,3.48629008542332,163,167,4,21,13,19,23,5,5,4,4,4,5,4,4,4,4,58,54,65
"214",1,TRUE,0,"Asian","Intersex",3,"Democrat",65,89,2.39323094590551,143,148,2,20,22,24,27,2,2,2,3,2,4,4,4,4,4,49,38,34
"215",1,FALSE,0,"White","Female",1,"Republican",71,107,2.68215490447378,186,192,6,9,12,18,18,4,4,4,3,3,5,5,5,4,4,62,57,66
"216",0,FALSE,1,"White","Female",3,"Democrat",66,112,3.48390154196188,215,222,1,18,13,16,15,1,2,2,2,2,5,5,5,5,5,78,70,77
"217",0,TRUE,0,"White","Female",4,"Republican",68,96,3.18057708533365,204,205,1,27,33,31,30,2,2,2,2,2,4,4,4,4,4,66,67,72
"218",1,FALSE,1,"Black","Male",2,"Democrat",69,107,3.38774715035653,180,196,2,13,8,10,16,5,4,4,4,4,3,3,3,3,2,43,41,45
"219",0,FALSE,0,"White","Male",2,"Democrat",65,112,3.27263111076652,164,171,3,22,8,16,19,1,2,2,3,2,5,5,5,5,4,40,32,42
"220",0,TRUE,1,"White","Male",4,"Democrat",73,97,2.95005520542304,161,160,2,24,23,30,26,3,3,3,3,3,3,3,3,3,2,79,73,69
"221",0,TRUE,1,"White","Male",1,"Democrat",71,106,3.39464611121687,176,186,3,16,14,14,14,4,3,4,4,4,5,5,5,5,5,77,58,71
"222",0,FALSE,1,"White","Male",1,"Democrat",72,118,3.19533309167695,180,186,2,18,18,18,14,4,4,4,4,4,1,2,2,2,2,55,52,57
"223",1,FALSE,1,"White","Male",4,"Democrat",76,116,3.08804713905919,153,162,1,4,11,14,20,5,4,4,4,4,3,3,3,3,2,54,69,72
"224",0,FALSE,1,"Asian","Intersex",4,"Democrat",67,105,2.65370942750106,172,174,2,19,14,18,17,4,4,4,3,4,5,4,4,4,4,46,38,39
"225",0,TRUE,1,"Black","Female",1,"Republican",69,107,2.82895337508736,185,190,5,17,15,19,19,1,1,2,2,2,5,4,4,3,3,32,36,45
"226",0,FALSE,0,"White","Intersex",1,"Democrat",74,108,3.36083574258864,165,169,3,24,18,12,17,4,4,4,4,4,2,2,2,3,2,52,59,59
"227",0,FALSE,1,"White","Male",2,"Republican",67,114,2.98324378550492,171,173,3,26,23,30,33,2,2,2,2,2,1,2,2,3,2,75,69,73
"228",1,FALSE,0,"Hispanic","Female",3,"Republican",72,86,3.48340161771543,192,190,3,26,25,33,24,4,4,4,3,4,4,4,4,4,4,42,49,66
"229",1,FALSE,1,"Hispanic","Male",3,"Democrat",70,107,3.16231738888107,168,169,4,10,11,16,13,4,4,4,4,4,3,3,3,3,4,59,60,50
"230",1,TRUE,0,"White","Male",4,"Republican",62,99,2.98035668244589,177,183,2,22,21,23,17,2,2,2,2,2,2,2,2,2,2,39,42,53
"231",0,FALSE,0,"White","Male",3,"Democrat",68,118,3.44819341037302,167,165,2,14,8,11,9,1,1,1,2,2,4,4,4,3,4,57,57,51
"232",0,TRUE,1,"Hispanic","Female",3,"Republican",64,113,3.34904993987552,182,188,3,18,25,25,21,2,3,3,3,4,1,1,2,2,2,71,76,82
"233",1,TRUE,0,"White","Male",2,"Democrat",67,99,2.68964665875039,172,178,4,13,9,17,18,4,3,4,4,4,4,4,4,4,4,48,43,53
"234",1,FALSE,0,"White","Intersex",3,"Democrat",69,96,3.29278693119274,168,174,3,27,23,26,26,1,2,2,2,2,4,3,3,3,3,61,56,59
"235",0,FALSE,1,"White","Male",2,"Republican",69,106,3.17727802179831,182,173,2,29,13,18,20,4,3,4,4,4,3,3,2,2,2,33,34,44
"236",0,FALSE,1,"White","Female",4,"Republican",68,122,3.25176943954721,147,153,3,24,17,21,25,1,1,1,1,2,3,3,3,3,3,51,45,59
"237",0,FALSE,1,"White","Male",3,"Republican",69,104,3.0185222392284,170,171,3,20,28,31,28,1,1,1,2,2,2,2,2,2,2,52,43,33
"238",1,FALSE,1,"White","Intersex",3,"Republican",63,104,2.71575533305534,181,184,1,20,24,17,20,3,3,3,3,3,4,3,4,3,3,56,51,43
"239",0,FALSE,0,"Black","Female",4,"Republican",71,105,2.84061407241947,152,152,2,22,13,14,10,5,4,4,3,3,3,3,3,3,2,41,37,40
"240",0,FALSE,1,"White","Male",3,"Democrat",73,102,3.11784519179968,156,166,2,18,26,25,26,4,3,3,3,4,3,3,2,3,2,86,81,85
"241",0,FALSE,0,"Hispanic","Intersex",1,"Democrat",74,115,3.18450339683303,178,185,2,23,22,21,18,3,3,3,3,3,4,3,4,4,4,45,34,28
"242",1,FALSE,0,"White","Intersex",2,"Democrat",69,103,3.16350285820775,153,161,5,28,35,28,30,3,3,2,3,3,2,2,2,2,2,28,23,31
"243",0,FALSE,0,"Hispanic","Male",1,"Republican",65,105,3.18984344686418,184,185,4,24,22,19,19,3,3,2,2,2,1,2,2,2,2,61,58,57
"244",0,TRUE,0,"White","Male",2,"Republican",68,119,2.84403561479715,153,159,1,19,26,32,27,1,2,2,2,2,5,5,5,4,4,41,38,34
"245",1,TRUE,1,"Black","Intersex",2,"Democrat",70,92,2.89023122529287,177,178,3,21,23,26,23,2,2,2,2,2,5,5,5,5,4,67,68,62
"246",1,FALSE,1,"White","Female",3,"Democrat",64,89,3.09054282223954,150,155,0,14,11,17,17,4,3,3,3,4,5,5,4,4,4,36,36,34
"247",1,FALSE,1,"White","Intersex",3,"Democrat",69,106,2.46355880682616,155,165,8,23,16,7,12,1,2,2,2,2,4,3,4,3,3,56,55,63
"248",1,FALSE,0,"White","Male",1,"Democrat",66,103,3.95526822735538,181,194,4,30,21,22,22,4,4,4,4,4,3,3,2,2,2,23,42,61
"249",1,FALSE,1,"Hispanic","Female",1,"Democrat",69,99,2.79735566089995,157,157,7,13,6,13,11,2,3,3,3,3,2,3,3,3,2,62,58,70
"250",1,TRUE,0,"White","Female",1,"Democrat",69,101,2.52288640738081,167,177,7,20,22,27,20,3,3,3,3,2,5,4,4,4,4,37,33,38
"251",0,FALSE,1,"Asian","Intersex",1,"Republican",69,95,3.15875185054197,175,175,4,15,10,17,19,5,4,4,4,4,1,1,1,1,1,76,81,92
"252",0,FALSE,1,"Hispanic","Female",3,"Democrat",66,107,2.60693858397746,177,184,2,15,4,6,13,4,4,4,4,4,3,3,3,3,3,60,48,51
"253",1,FALSE,1,"White","Female",3,"Republican",79,116,3.41030703925003,158,160,4,13,9,15,16,2,2,2,2,2,4,4,4,4,4,49,44,54
"254",1,FALSE,1,"White","Intersex",4,"Republican",71,94,3.62070030658179,183,184,5,15,10,16,21,5,4,4,4,4,4,4,4,4,4,68,75,72
"255",0,TRUE,0,"White","Intersex",2,"Republican",74,117,3.3176509954324,157,168,1,31,28,36,36,5,4,4,4,4,3,3,2,3,3,53,60,61
"256",1,TRUE,0,"Black","Female",3,"Democrat",69,102,2.72441301199692,147,153,6,20,20,23,20,1,1,1,2,2,4,3,3,3,4,88,90,83
"257",0,TRUE,0,"White","Intersex",2,"Democrat",69,109,3.1691395929038,176,186,3,25,19,19,23,1,2,2,2,2,4,4,4,4,4,48,56,59
"258",0,FALSE,1,"White","Intersex",4,"Republican",63,103,2.95341258430407,179,192,3,28,30,23,20,3,3,2,2,2,5,4,4,4,4,44,33,43
"259",1,TRUE,0,"Bi-Racial","Female",2,"Democrat",72,108,2.98977377866754,163,176,1,20,13,15,14,1,1,2,2,2,4,3,3,3,2,49,66,67
"260",0,FALSE,0,"White","Female",2,"Republican",73,123,3.16349364635699,171,168,2,13,9,16,16,5,4,4,4,4,2,2,2,2,2,58,68,68
"261",0,FALSE,1,"White","Female",2,"Democrat",72,126,3.07041322685244,177,183,2,17,28,27,20,1,2,2,3,3,5,4,4,4,4,65,53,51
"262",0,FALSE,0,"White","Male",2,"Democrat",76,108,3.17034138168329,170,177,1,11,19,25,23,1,2,2,2,2,4,3,4,3,3,57,61,66
"263",1,FALSE,1,"White","Male",4,"Democrat",68,109,3.24432246083991,160,156,4,19,13,13,13,1,2,2,2,2,4,4,4,3,3,67,51,62
"264",0,FALSE,1,"White","Intersex",4,"Republican",70,110,3.42436173916237,149,152,4,17,19,20,22,3,3,2,3,3,5,5,5,4,4,45,31,33
"265",1,FALSE,1,"Hispanic","Male",3,"Democrat",70,86,3.44589173401138,195,198,2,20,11,17,19,2,2,2,2,2,3,3,3,3,3,43,51,32
"266",1,TRUE,1,"White","Female",4,"Democrat",70,97,3.04302225591681,178,184,3,22,25,28,26,5,5,4,4,4,1,2,2,2,2,32,28,28
"267",1,FALSE,1,"White","Male",3,"Democrat",71,97,2.9922698535655,174,176,1,22,19,17,15,5,5,5,4,4,2,2,2,2,2,63,54,56
"268",0,FALSE,1,"White","Male",4,"Republican",63,96,3.49088821815202,175,179,2,17,19,18,22,1,2,2,2,2,2,2,2,3,3,48,55,54
"269",1,FALSE,1,"White","Intersex",1,"Democrat",72,103,3.05807326455851,143,155,3,24,28,26,23,4,4,4,4,4,5,5,4,4,4,67,78,82
"270",0,TRUE,0,"Hispanic","Female",4,"Democrat",69,109,3.33371903142813,188,195,2,25,30,28,26,1,1,1,2,2,2,3,3,3,3,52,65,76
"271",0,FALSE,1,"White","Intersex",1,"Democrat",67,110,2.87983568453535,188,197,4,13,18,25,19,4,3,3,3,2,3,3,3,3,3,51,60,69
"272",1,FALSE,0,"White","Male",4,"Democrat",68,119,2.78553041589056,168,178,1,13,11,17,11,2,2,2,2,2,5,5,5,5,4,69,61,77
"273",0,FALSE,0,"White","Intersex",3,"Democrat",67,110,3.25661388383426,182,186,1,16,14,21,15,4,4,4,4,4,3,3,2,2,2,54,50,60
"274",1,FALSE,0,"White","Male",3,"Democrat",66,107,3.27812899648179,176,185,3,22,15,18,16,3,3,3,3,4,4,4,4,4,4,40,38,27
"275",1,TRUE,1,"White","Male",3,"Democrat",77,100,2.84838654152026,181,190,5,11,10,8,14,5,4,4,4,4,3,3,4,3,4,66,54,57
"276",1,FALSE,1,"White","Female",2,"Democrat",66,103,2.99231542650565,184,194,4,12,17,25,27,3,3,3,3,3,5,5,4,4,4,53,41,36
"277",1,TRUE,0,"White","Intersex",3,"Democrat",78,95,2.88311318729651,192,207,1,21,22,26,18,5,5,4,4,4,5,5,5,4,4,62,59,63
"278",1,TRUE,1,"White","Intersex",2,"Republican",69,101,3.76689227903279,175,186,3,27,23,24,22,1,2,2,2,2,5,4,4,4,4,87,63,71
"279",0,FALSE,0,"White","Female",2,"Republican",68,102,2.99932994168635,191,200,2,10,5,15,15,3,3,4,4,4,1,2,2,2,2,51,45,48
"280",1,FALSE,0,"Black","Intersex",1,"Democrat",67,87,3.25855131454858,181,175,2,19,15,24,25,2,3,3,3,3,4,4,4,4,4,100,85,89
"281",1,FALSE,0,"White","Male",2,"Democrat",74,94,3.00575379169964,159,164,3,24,20,27,24,3,3,3,3,3,1,2,2,2,2,70,66,69
"282",1,FALSE,0,"White","Male",1,"Republican",75,100,2.80196419816488,193,194,0,23,18,23,27,5,5,4,4,4,5,5,5,4,4,63,59,68
"283",0,TRUE,0,"White","Male",4,"Republican",65,103,3.12694118896192,182,186,2,17,16,17,15,3,3,4,3,4,1,2,2,3,2,81,75,78
"284",0,FALSE,1,"White","Intersex",1,"Democrat",69,116,2.99631085403094,170,172,3,26,15,25,24,3,3,4,4,4,5,4,4,4,4,67,51,49
"285",1,TRUE,1,"Black","Male",4,"Democrat",64,110,3.37166775894682,168,170,4,24,16,20,24,2,2,2,2,2,5,5,5,5,4,41,34,53
"286",1,FALSE,1,"Hispanic","Male",4,"Democrat",73,91,3.54677451030681,181,188,5,18,17,19,24,5,5,5,4,4,4,3,3,3,4,20,22,30
"287",0,FALSE,0,"Black","Intersex",3,"Democrat",70,107,3.35183410896682,172,176,5,27,20,22,23,3,3,3,3,3,1,2,2,2,2,41,33,31
"288",0,FALSE,1,"White","Intersex",3,"Republican",66,112,3.04802664763457,152,153,2,31,30,32,34,2,3,2,2,2,1,2,2,2,2,7,17,19
"289",0,FALSE,0,"White","Intersex",2,"Democrat",66,96,2.97460596267657,164,164,2,24,26,28,31,1,1,1,2,2,4,4,4,4,4,32,28,28
"290",1,FALSE,1,"Black","Male",2,"Republican",70,114,2.61956228236223,152,153,2,20,13,15,10,2,3,2,2,2,2,3,2,3,3,50,54,64
"291",0,FALSE,0,"White","Intersex",1,"Republican",58,110,2.75817365580225,164,164,1,20,24,24,25,3,3,3,3,3,3,3,3,3,3,77,81,80
"292",1,FALSE,0,"Hispanic","Male",3,"Democrat",72,93,3.62832321129275,174,184,4,17,25,29,26,5,4,4,4,4,2,2,2,2,2,61,51,55
"293",0,FALSE,0,"White","Male",3,"Republican",64,103,2.38203078733412,191,198,3,20,11,12,14,3,3,2,3,3,2,2,2,3,2,66,64,72
"294",0,FALSE,1,"White","Intersex",4,"Democrat",66,100,3.66028135636266,171,171,3,24,24,25,24,3,3,4,4,4,2,2,2,2,2,9,4,10
"295",0,FALSE,0,"White","Male",3,"Democrat",63,110,3.71933677572776,172,178,5,17,9,9,13,5,5,4,4,4,3,3,4,3,3,57,63,64
"296",0,TRUE,0,"White","Male",4,"Republican",72,120,2.45970553334676,177,183,2,29,34,31,30,2,2,2,3,3,3,3,3,3,3,64,67,73
"297",1,FALSE,0,"White","Intersex",2,"Republican",69,93,3.39962326204085,162,168,2,16,10,8,13,4,3,3,3,4,4,4,4,4,4,55,47,54
"298",0,FALSE,0,"White","Male",4,"Democrat",74,122,3.23061277999075,179,185,5,14,12,16,17,4,4,4,4,4,2,2,2,2,2,50,41,37
"299",1,FALSE,0,"White","Male",1,"Republican",67,99,3.31662112434156,186,198,6,22,15,13,12,5,5,5,4,4,5,4,4,4,4,71,72,88
"300",0,FALSE,0,"White","Male",4,"Democrat",71,108,2.94447561685189,146,155,0,13,16,14,14,4,4,4,3,4,2,2,2,2,2,64,73,84
